{
  "0": 0.7213740458015268,
  "1": 0.7213740458015268,
  "2": 0.732824427480916,
  "3": 0.8549618320610687,
  "4": 0.8816793893129771,
  "5": 0.8854961832061069,
  "6": 0.8893129770992366,
  "7": 0.8969465648854962,
  "8": 0.8893129770992366,
  "9": 0.8931297709923665,
  "10": 0.8893129770992366,
  "11": 0.8854961832061069,
  "12": 0.8931297709923665,
  "13": 0.8969465648854962,
  "14": 0.8931297709923665,
  "15": 0.9083969465648855,
  "16": 0.9122137404580153,
  "17": 0.9083969465648855,
  "18": 0.9007633587786259,
  "19": 0.9083969465648855,
  "20": 0.9122137404580153,
  "21": 0.9198473282442748,
  "22": 0.9198473282442748,
  "23": 0.9198473282442748,
  "24": 0.9198473282442748,
  "25": 0.916030534351145,
  "26": 0.916030534351145,
  "27": 0.916030534351145,
  "28": 0.916030534351145,
  "29": 0.9122137404580153,
  "30": 0.9236641221374046,
  "31": 0.9236641221374046,
  "32": 0.9236641221374046,
  "33": 0.916030534351145,
  "34": 0.916030534351145,
  "35": 0.916030534351145,
  "36": 0.916030534351145,
  "37": 0.9198473282442748,
  "38": 0.9198473282442748,
  "39": 0.9198473282442748,
  "40": 0.9198473282442748,
  "41": 0.916030534351145,
  "42": 0.9198473282442748,
  "43": 0.9274809160305344,
  "44": 0.9274809160305344,
  "45": 0.9274809160305344,
  "46": 0.9274809160305344,
  "47": 0.9198473282442748,
  "48": 0.9198473282442748,
  "49": 0.9045801526717557,
  "50": 0.9045801526717557,
  "51": 0.9007633587786259,
  "52": 0.9007633587786259,
  "53": 0.9083969465648855,
  "54": 0.8931297709923665,
  "55": 0.8969465648854962,
  "56": 0.8931297709923665,
  "57": 0.8969465648854962,
  "58": 0.8969465648854962,
  "59": 0.8969465648854962,
  "60": 0.8969465648854962,
  "61": 0.8931297709923665,
  "62": 0.8969465648854962,
  "63": 0.8931297709923665,
  "64": 0.9007633587786259,
  "65": 0.8931297709923665,
  "66": 0.8931297709923665,
  "67": 0.8931297709923665,
  "68": 0.8893129770992366,
  "69": 0.8893129770992366,
  "70": 0.8931297709923665,
  "71": 0.8931297709923665,
  "72": 0.9045801526717557,
  "73": 0.8931297709923665,
  "74": 0.8931297709923665,
  "75": 0.8969465648854962,
  "76": 0.9007633587786259,
  "77": 0.8969465648854962,
  "78": 0.8931297709923665,
  "79": 0.8816793893129771,
  "80": 0.8816793893129771,
  "81": 0.8816793893129771,
  "82": 0.8816793893129771,
  "83": 0.8816793893129771,
  "84": 0.8816793893129771,
  "85": 0.8893129770992366,
  "86": 0.8969465648854962,
  "87": 0.8969465648854962,
  "88": 0.8931297709923665,
  "89": 0.8969465648854962,
  "90": 0.8893129770992366,
  "91": 0.8893129770992366,
  "92": 0.8893129770992366,
  "93": 0.8931297709923665,
  "94": 0.8931297709923665,
  "95": 0.9007633587786259,
  "96": 0.9007633587786259,
  "97": 0.9045801526717557,
  "98": 0.9045801526717557,
  "99": 0.8931297709923665,
  "100": 0.8969465648854962,
  "101": 0.8969465648854962,
  "102": 0.8969465648854962,
  "103": 0.8969465648854962,
  "104": 0.8931297709923665,
  "105": 0.8931297709923665,
  "106": 0.8931297709923665,
  "107": 0.8893129770992366,
  "108": 0.8969465648854962,
  "109": 0.9007633587786259,
  "110": 0.9007633587786259,
  "111": 0.9007633587786259,
  "112": 0.9045801526717557,
  "113": 0.9007633587786259,
  "114": 0.9007633587786259,
  "115": 0.8893129770992366,
  "116": 0.8893129770992366,
  "117": 0.8969465648854962,
  "118": 0.8931297709923665,
  "119": 0.8893129770992366,
  "120": 0.8893129770992366,
  "121": 0.8931297709923665,
  "122": 0.8931297709923665,
  "123": 0.8893129770992366,
  "124": 0.8893129770992366,
  "125": 0.8893129770992366,
  "126": 0.8893129770992366,
  "127": 0.8893129770992366,
  "128": 0.8893129770992366,
  "129": 0.8931297709923665,
  "130": 0.8893129770992366,
  "131": 0.8893129770992366,
  "132": 0.8854961832061069,
  "133": 0.8931297709923665,
  "134": 0.8969465648854962,
  "135": 0.8969465648854962,
  "136": 0.8969465648854962,
  "137": 0.9045801526717557,
  "138": 0.9045801526717557,
  "139": 0.9045801526717557,
  "140": 0.9045801526717557,
  "141": 0.9045801526717557,
  "142": 0.9045801526717557,
  "143": 0.9007633587786259,
  "144": 0.9007633587786259,
  "145": 0.8969465648854962,
  "146": 0.9007633587786259,
  "147": 0.9045801526717557,
  "148": 0.9045801526717557,
  "149": 0.9007633587786259,
  "150": 0.8854961832061069,
  "151": 0.8854961832061069,
  "152": 0.8893129770992366,
  "153": 0.8893129770992366,
  "154": 0.8854961832061069,
  "155": 0.8816793893129771,
  "156": 0.8854961832061069,
  "157": 0.8893129770992366,
  "158": 0.8969465648854962,
  "159": 0.9007633587786259,
  "160": 0.9007633587786259,
  "161": 0.9007633587786259,
  "162": 0.9007633587786259,
  "163": 0.9007633587786259,
  "164": 0.8893129770992366,
  "165": 0.8893129770992366,
  "166": 0.8969465648854962,
  "167": 0.8931297709923665,
  "168": 0.8931297709923665,
  "169": 0.8969465648854962,
  "170": 0.9007633587786259,
  "171": 0.8969465648854962,
  "172": 0.8969465648854962,
  "173": 0.8969465648854962,
  "174": 0.9083969465648855,
  "175": 0.9083969465648855,
  "176": 0.9083969465648855,
  "177": 0.9083969465648855,
  "178": 0.8969465648854962,
  "179": 0.9007633587786259,
  "180": 0.9045801526717557,
  "181": 0.8969465648854962,
  "182": 0.8969465648854962,
  "183": 0.8969465648854962,
  "184": 0.8969465648854962,
  "185": 0.8969465648854962,
  "186": 0.8969465648854962,
  "187": 0.8969465648854962,
  "188": 0.8969465648854962,
  "189": 0.9007633587786259,
  "190": 0.9007633587786259,
  "191": 0.8969465648854962,
  "192": 0.8931297709923665,
  "193": 0.8931297709923665,
  "194": 0.8931297709923665,
  "195": 0.8931297709923665,
  "196": 0.8931297709923665,
  "197": 0.8931297709923665,
  "198": 0.8931297709923665,
  "199": 0.8969465648854962,
  "200": 0.8931297709923665,
  "201": 0.8969465648854962,
  "202": 0.8969465648854962,
  "203": 0.9007633587786259,
  "204": 0.9007633587786259,
  "205": 0.8969465648854962,
  "206": 0.8969465648854962,
  "207": 0.8969465648854962,
  "208": 0.8969465648854962,
  "209": 0.8969465648854962,
  "210": 0.9007633587786259,
  "211": 0.8969465648854962,
  "212": 0.8931297709923665,
  "213": 0.8893129770992366,
  "214": 0.9007633587786259,
  "215": 0.9007633587786259,
  "216": 0.8969465648854962,
  "217": 0.8969465648854962,
  "218": 0.8969465648854962,
  "219": 0.8931297709923665,
  "220": 0.8893129770992366,
  "221": 0.8893129770992366,
  "222": 0.8854961832061069,
  "223": 0.8816793893129771,
  "224": 0.8893129770992366,
  "225": 0.8893129770992366,
  "226": 0.8854961832061069,
  "227": 0.8854961832061069,
  "228": 0.8931297709923665,
  "229": 0.8893129770992366,
  "230": 0.8931297709923665,
  "231": 0.8931297709923665,
  "232": 0.8969465648854962,
  "233": 0.8893129770992366,
  "234": 0.8893129770992366,
  "235": 0.8893129770992366,
  "236": 0.8854961832061069,
  "237": 0.8854961832061069,
  "238": 0.8854961832061069,
  "239": 0.8854961832061069,
  "240": 0.8854961832061069,
  "241": 0.8854961832061069,
  "242": 0.8854961832061069,
  "243": 0.8893129770992366,
  "244": 0.8740458015267175,
  "245": 0.8816793893129771,
  "246": 0.8778625954198473,
  "247": 0.8816793893129771,
  "248": 0.8854961832061069,
  "249": 0.8854961832061069,
  "250": 0.8816793893129771,
  "251": 0.8816793893129771,
  "252": 0.8816793893129771,
  "253": 0.8778625954198473,
  "254": 0.8778625954198473,
  "255": 0.8778625954198473,
  "256": 0.8778625954198473,
  "257": 0.8778625954198473,
  "258": 0.8778625954198473,
  "259": 0.8778625954198473,
  "260": 0.8778625954198473,
  "261": 0.8778625954198473,
  "262": 0.8816793893129771,
  "263": 0.8740458015267175,
  "264": 0.8778625954198473,
  "265": 0.8778625954198473,
  "266": 0.8778625954198473,
  "267": 0.8740458015267175,
  "268": 0.8816793893129771,
  "269": 0.8816793893129771,
  "270": 0.8854961832061069,
  "271": 0.8816793893129771,
  "272": 0.8778625954198473,
  "273": 0.8816793893129771,
  "274": 0.8816793893129771,
  "275": 0.8778625954198473,
  "276": 0.8778625954198473,
  "277": 0.8816793893129771,
  "278": 0.8893129770992366,