{
  "0": 0.7262773722627737,
  "1": 0.7244525547445255,
  "2": 0.7262773722627737,
  "3": 0.8959854014598541,
  "4": 0.9124087591240876,
  "5": 0.9142335766423357,
  "6": 0.916058394160584,
  "7": 0.9233576642335767,
  "8": 0.927007299270073,
  "9": 0.927007299270073,
  "10": 0.927007299270073,
  "11": 0.9306569343065694,
  "12": 0.9306569343065694,
  "13": 0.9306569343065694,
  "14": 0.9324817518248175,
  "15": 0.9470802919708029,
  "16": 0.948905109489051,
  "17": 0.9470802919708029,
  "18": 0.9507299270072993,
  "19": 0.9525547445255474,
  "20": 0.948905109489051,
  "21": 0.958029197080292,
  "22": 0.9598540145985401,
  "23": 0.9598540145985401,
  "24": 0.9598540145985401,
  "25": 0.9616788321167883,
  "26": 0.9598540145985401,
  "27": 0.958029197080292,
  "28": 0.9598540145985401,
  "29": 0.9598540145985401,
  "30": 0.9543795620437956,
  "31": 0.9543795620437956,
  "32": 0.9543795620437956,
  "33": 0.9598540145985401,
  "34": 0.9616788321167883,
  "35": 0.9616788321167883,
  "36": 0.9598540145985401,
  "37": 0.9708029197080292,
  "38": 0.9671532846715328,
  "39": 0.9708029197080292,
  "40": 0.9708029197080292,
  "41": 0.9708029197080292,
  "42": 0.9708029197080292,
  "43": 0.9708029197080292,
  "44": 0.9726277372262774,
  "45": 0.9726277372262774,
  "46": 0.9726277372262774,
  "47": 0.9744525547445255,
  "48": 0.9726277372262774,
  "49": 0.9762773722627737,
  "50": 0.9726277372262774,
  "51": 0.9726277372262774,
  "52": 0.9708029197080292,
  "53": 0.9744525547445255,
  "54": 0.9817518248175182,
  "55": 0.9817518248175182,
  "56": 0.9835766423357665,
  "57": 0.9854014598540146,
  "58": 0.9835766423357665,
  "59": 0.9817518248175182,
  "60": 0.9817518248175182,
  "61": 0.9854014598540146,
  "62": 0.9890510948905109,
  "63": 0.9890510948905109,
  "64": 0.9890510948905109,
  "65": 0.9854014598540146,
  "66": 0.9854014598540146,
  "67": 0.9872262773722628,
  "68": 0.9854014598540146,
  "69": 0.9872262773722628,
  "70": 0.9908759124087592,
  "71": 0.9890510948905109,
  "72": 0.9890510948905109,
  "73": 0.9945255474452555,
  "74": 0.9963503649635036,
  "75": 0.9945255474452555,
  "76": 0.9963503649635036,
  "77": 0.9963503649635036,
  "78": 0.9963503649635036,
  "79": 0.9963503649635036,
  "80": 0.9963503649635036,
  "81": 0.9963503649635036,
  "82": 0.9963503649635036,
  "83": 0.9963503649635036,
  "84": 0.9963503649635036,
  "85": 0.9963503649635036,
  "86": 0.9945255474452555,
  "87": 0.9945255474452555,
  "88": 0.9945255474452555,
  "89": 0.9963503649635036,
  "90": 0.9945255474452555,
  "91": 0.9981751824817519,
  "92": 0.9981751824817519,
  "93": 0.9963503649635036,
  "94": 0.9963503649635036,
  "95": 0.9963503649635036,
  "96": 0.9963503649635036,
  "97": 0.9963503649635036,
  "98": 0.9963503649635036,
  "99": 0.9981751824817519,
  "100": 0.9981751824817519,
  "101": 0.9981751824817519,
  "102": 0.9981751824817519,
  "103": 0.9981751824817519,
  "104": 0.9981751824817519,
  "105": 0.9981751824817519,
  "106": 0.9981751824817519,
  "107": 0.9981751824817519,
  "108": 0.9981751824817519,
  "109": 0.9981751824817519,
  "110": 0.9981751824817519,
  "111": 0.9981751824817519,
  "112": 0.9981751824817519,
  "113": 0.9981751824817519,
  "114": 0.9981751824817519,
  "115": 0.9981751824817519,
  "116": 0.9981751824817519,
  "117": 0.9981751824817519,
  "118": 0.9981751824817519,
  "119": 0.9981751824817519,
  "120": 0.9981751824817519,
  "121": 0.9981751824817519,
  "122": 0.9981751824817519,
  "123": 0.9981751824817519,
  "124": 0.9981751824817519,
  "125": 0.9981751824817519,
  "126": 0.9981751824817519,
  "127": 0.9981751824817519,
  "128": 0.9981751824817519,
  "129": 0.9981751824817519,
  "130": 0.9981751824817519,
  "131": 0.9981751824817519,
  "132": 0.9981751824817519,
  "133": 0.9981751824817519,
  "134": 0.9981751824817519,
  "135": 0.9981751824817519,
  "136": 0.9981751824817519,
  "137": 1.0,
  "138": 1.0,
  "139": 1.0,
  "140": 1.0,
  "141": 0.9981751824817519,
  "142": 0.9981751824817519,
  "143": 0.9981751824817519,
  "144": 0.9981751824817519,
  "145": 0.9981751824817519,
  "146": 0.9981751824817519,
  "147": 0.9981751824817519,
  "148": 0.9981751824817519,
  "149": 0.9981751824817519,
  "150": 0.9981751824817519,
  "151": 1.0,
  "152": 1.0,
  "153": 1.0,
  "154": 1.0,
  "155": 1.0,
  "156": 1.0,
  "157": 1.0,
  "158": 1.0,
  "159": 1.0,
  "160": 1.0,
  "161": 1.0,
  "162": 1.0,
  "163": 1.0,
  "164": 1.0,
  "165": 1.0,
  "166": 1.0,
  "167": 1.0,
  "168": 1.0,
  "169": 1.0,
  "170": 1.0,
  "171": 1.0,
  "172": 1.0,
  "173": 1.0,
  "174": 1.0,
  "175": 1.0,
  "176": 1.0,
  "177": 1.0,
  "178": 1.0,
  "179": 1.0,
  "180": 1.0,
  "181": 1.0,
  "182": 1.0,
  "183": 1.0,
  "184": 1.0,
  "185": 1.0,
  "186": 1.0,
  "187": 1.0,
  "188": 1.0,
  "189": 1.0,
  "190": 1.0,
  "191": 1.0,
  "192": 1.0,
  "193": 1.0,
  "194": 1.0,
  "195": 1.0,
  "196": 1.0,
  "197": 1.0,
  "198": 1.0,
  "199": 1.0,
  "200": 1.0,
  "201": 1.0,
  "202": 1.0,
  "203": 1.0,
  "204": 1.0,
  "205": 1.0,
  "206": 1.0,
  "207": 1.0,
  "208": 1.0,
  "209": 1.0,
  "210": 1.0,
  "211": 1.0,
  "212": 1.0,
  "213": 1.0,
  "214": 1.0,
  "215": 1.0,
  "216": 1.0,
  "217": 1.0,
  "218": 1.0,
  "219": 1.0,
  "220": 1.0,
  "221": 1.0,
  "222": 1.0,
  "223": 1.0,
  "224": 1.0,
  "225": 1.0,
  "226": 1.0,
  "227": 1.0,
  "228": 1.0,
  "229": 1.0,
  "230": 1.0,
  "231": 1.0,
  "232": 1.0,
  "233": 1.0,
  "234": 1.0,
  "235": 1.0,
  "236": 1.0,
  "237": 1.0,
  "238": 1.0,
  "239": 1.0,
  "240": 1.0,
  "241": 1.0,
  "242": 1.0,
  "243": 1.0,
  "244": 1.0,
  "245": 1.0,
  "246": 1.0,
  "247": 1.0,
  "248": 1.0,
  "249": 1.0,
  "250": 1.0,
  "251": 1.0,
  "252": 1.0,
  "253": 1.0,
  "254": 1.0,
  "255": 1.0,
  "256": 1.0,
  "257": 1.0,
  "258": 1.0,
  "259": 1.0,
  "260": 1.0,
  "261": 1.0,
  "262": 1.0,
  "263": 1.0,
  "264": 1.0,
  "265": 1.0,
  "266": 1.0,
  "267": 1.0,
  "268": 1.0,
  "269": 1.0,
  "270": 1.0,
  "271": 1.0,
  "272": 1.0,
  "273": 1.0,
  "274": 1.0,
  "275": 1.0,
  "276": 1.0,
  "277": 1.0,
  "278": 1.0,
  "279": 1.0,
  "280": 1.0,
  "281": 1.0,
  "282": 1.0,
  "283": 1.0,
  "284": 1.0,
  "285": 1.0,
  "286": 1.0,
  "287": 1.0,
  "288": 1.0,
  "289": 1.0,
  "290": 1.0,
  "291": 1.0,
  "292": 1.0,
  "293": 1.0,
  "294": 1.0,
  "295": 1.0,
  "296": 1.0,
  "297": 1.0,
  "298": 1.0,
  "299": 1.0,
  "300": 1.0,
  "301": 1.0,
  "302": 1.0,
  "303": 1.0,
  "304": 1.0,
  "305": 1.0,
  "306": 1.0,
  "307": 1.0,
  "308": 1.0,
  "309": 1.0,
  "310": 1.0,
  "311": 1.0,
  "312": 1.0,
  "313": 1.0,
  "314": 1.0,
  "315": 1.0,
  "316": 1.0,
  "317": 1.0,
  "318": 1.0,
  "319": 1.0,
  "320": 1.0,
  "321": 1.0,
  "322": 1.0,
  "323": 1.0,
  "324": 1.0,
  "325": 1.0,
  "326": 1.0,
  "327": 1.0,
  "328": 1.0,
  "329": 1.0,
  "330": 1.0,
  "331": 1.0,
  "332": 1.0,
  "333": 1.0,
  "334": 1.0,
  "335": 1.0,
  "336": 1.0,
  "337": 1.0,
  "338": 1.0,
  "339": 1.0,
  "340": 1.0,
  "341": 1.0,
  "342": 1.0,
  "343": 1.0,
  "344": 1.0,
  "345": 1.0,
  "346": 1.0,
  "347": 1.0,
  "348": 1.0,
  "349": 1.0,
  "350": 1.0,
  "351": 1.0,
  "352": 1.0,
  "353": 1.0,
  "354": 1.0,
  "355": 1.0,
  "356": 1.0,
  "357": 1.0,
  "358": 1.0,
  "359": 1.0,
  "360": 1.0,
  "361": 1.0,
  "362": 1.0,
  "363": 1.0,
  "364": 1.0,
  "365": 1.0,
  "366": 1.0,
  "367": 1.0,
  "368": 1.0,
  "369": 1.0,
  "370": 1.0,
  "371": 1.0,
  "372": 1.0,
  "373": 1.0,
  "374": 1.0,
  "375": 1.0,
  "376": 1.0,
  "377": 1.0,
  "378": 1.0,
  "379": 1.0,
  "380": 1.0,
  "381": 1.0,
  "382": 1.0,
  "383": 1.0,
  "384": 1.0,
  "385": 1.0,
  "386": 1.0,
  "387": 1.0,
  "388": 1.0,
  "389": 1.0,
  "390": 1.0,
  "391": 1.0,
  "392": 1.0,
  "393": 1.0,
  "394": 1.0,
  "395": 1.0,
  "396": 1.0,
  "397": 1.0,
  "398": 1.0,
  "399": 1.0,
  "400": 1.0,
  "401": 1.0,
  "402": 1.0,
  "403": 1.0,
  "404": 1.0,
  "405": 1.0,
  "406": 1.0,
  "407": 1.0,
  "408": 1.0,
  "409": 1.0,
  "410": 1.0,
  "411": 1.0,
  "412": 1.0,
  "413": 1.0,
  "414": 1.0,
  "415": 1.0,
  "416": 1.0,
  "417": 1.0,
  "418": 1.0,
  "419": 1.0,
  "420": 1.0,
  "421": 1.0,